danceability,energy,key,loudness,mode,speechiness,acousticness,instrumentalness,liveness,valence,tempo,type,id,uri,track_href,analysis_url,duration_ms,time_signature
0.264,0.64,8,-6.221,1,0.0442,0.0393,2.31e-06,0.151,0.19,84.828,audio_features,7CyPwkp0oE8Ro9Dd5CUDjW,spotify:track:7CyPwkp0oE8Ro9Dd5CUDjW,https://api.spotify.com/v1/tracks/7CyPwkp0oE8Ro9Dd5CUDjW,https://api.spotify.com/v1/audio-analysis/7CyPwkp0oE8Ro9Dd5CUDjW,244685,4
0.573,0.668,7,-4.356,0,0.0467,0.189,4.01e-05,0.109,0.145,87.973,audio_features,2Hh3ETdQKrmSI3QS0hme7g,spotify:track:2Hh3ETdQKrmSI3QS0hme7g,https://api.spotify.com/v1/tracks/2Hh3ETdQKrmSI3QS0hme7g,https://api.spotify.com/v1/audio-analysis/2Hh3ETdQKrmSI3QS0hme7g,199920,4
0.477,0.718,5,-7.227,0,0.15,0.259,0.00275,0.109,0.361,183.934,audio_features,6QdnKD1zwEgyOWtkrdzlOF,spotify:track:6QdnKD1zwEgyOWtkrdzlOF,https://api.spotify.com/v1/tracks/6QdnKD1zwEgyOWtkrdzlOF,https://api.spotify.com/v1/audio-analysis/6QdnKD1zwEgyOWtkrdzlOF,230027,4
0.739,0.448,10,-10.28,0,0.138,0.189,0,0.118,0.553,81.044,audio_features,248OFOZef6ShXv6DGgbnxU,spotify:track:248OFOZef6ShXv6DGgbnxU,https://api.spotify.com/v1/tracks/248OFOZef6ShXv6DGgbnxU,https://api.spotify.com/v1/audio-analysis/248OFOZef6ShXv6DGgbnxU,206533,4
0.572,0.839,4,-5.083,0,0.0377,0.013,0.00976,0.522,0.465,143.969,audio_features,7DbdUf8aHSYoliSjO6LZv6,spotify:track:7DbdUf8aHSYoliSjO6LZv6,https://api.spotify.com/v1/tracks/7DbdUf8aHSYoliSjO6LZv6,https://api.spotify.com/v1/audio-analysis/7DbdUf8aHSYoliSjO6LZv6,196784,4
0.664,0.525,6,-8.925,1,0.0332,0.334,0.00813,0.196,0.127,115.009,audio_features,6SMmN2hMqqO9tDqhOXDROG,spotify:track:6SMmN2hMqqO9tDqhOXDROG,https://api.spotify.com/v1/tracks/6SMmN2hMqqO9tDqhOXDROG,https://api.spotify.com/v1/audio-analysis/6SMmN2hMqqO9tDqhOXDROG,187833,4
0,0.609,8,-8.737,1,0,0.135,0.627,0.0778,0,0,audio_features,5pxtj7cCnv2hZe6mbS2MBx,spotify:track:5pxtj7cCnv2hZe6mbS2MBx,https://api.spotify.com/v1/tracks/5pxtj7cCnv2hZe6mbS2MBx,https://api.spotify.com/v1/audio-analysis/5pxtj7cCnv2hZe6mbS2MBx,204933,0
0.729,0.807,6,-6.492,1,0.0936,0.181,0.75,0.319,0.765,114.742,audio_features,2bLqfJjuC5syrsgDsZfGmn,spotify:track:2bLqfJjuC5syrsgDsZfGmn,https://api.spotify.com/v1/tracks/2bLqfJjuC5syrsgDsZfGmn,https://api.spotify.com/v1/audio-analysis/2bLqfJjuC5syrsgDsZfGmn,179120,4
0.7,0.46,4,-8.111,0,0.0661,0.142,4.81e-05,0.111,0.286,151.901,audio_features,4MXhiYIRDMGAuvZc5IFTwC,spotify:track:4MXhiYIRDMGAuvZc5IFTwC,https://api.spotify.com/v1/tracks/4MXhiYIRDMGAuvZc5IFTwC,https://api.spotify.com/v1/audio-analysis/4MXhiYIRDMGAuvZc5IFTwC,142969,4
0.868,0.74,4,-4.181,1,0.0449,0.13,0.13,0.0951,0.979,112.022,audio_features,3Jq0vjC96tJlUVAdKfMajk,spotify:track:3Jq0vjC96tJlUVAdKfMajk,https://api.spotify.com/v1/tracks/3Jq0vjC96tJlUVAdKfMajk,https://api.spotify.com/v1/audio-analysis/3Jq0vjC96tJlUVAdKfMajk,150693,4
0.767,0.714,1,-6.623,0,0.0529,0.454,0.0102,0.137,0.799,139.999,audio_features,34HgIvucTKJvDgzHVMaGLG,spotify:track:34HgIvucTKJvDgzHVMaGLG,https://api.spotify.com/v1/tracks/34HgIvucTKJvDgzHVMaGLG,https://api.spotify.com/v1/audio-analysis/34HgIvucTKJvDgzHVMaGLG,202490,4
0.736,0.412,4,-11.173,0,0.0535,0.895,8.42e-05,0.231,0.76,119.997,audio_features,3Dovyp9MbclWO5nus9qH41,spotify:track:3Dovyp9MbclWO5nus9qH41,https://api.spotify.com/v1/tracks/3Dovyp9MbclWO5nus9qH41,https://api.spotify.com/v1/audio-analysis/3Dovyp9MbclWO5nus9qH41,163413,4
0.641,0.559,7,-11.132,0,0.0355,0.404,0.00402,0.0937,0.523,144.982,audio_features,0Oqc0kKFsQ6MhFOLBNZIGX,spotify:track:0Oqc0kKFsQ6MhFOLBNZIGX,https://api.spotify.com/v1/tracks/0Oqc0kKFsQ6MhFOLBNZIGX,https://api.spotify.com/v1/audio-analysis/0Oqc0kKFsQ6MhFOLBNZIGX,202193,4
0.839,0.473,10,-7.835,0,0.0607,0.641,0.000459,0.0939,0.0644,98.732,audio_features,7qwt4xUIqQWCu1DJf96g2k,spotify:track:7qwt4xUIqQWCu1DJf96g2k,https://api.spotify.com/v1/tracks/7qwt4xUIqQWCu1DJf96g2k,https://api.spotify.com/v1/audio-analysis/7qwt4xUIqQWCu1DJf96g2k,135016,4
0.644,0.554,3,-6.642,0,0.049,0.0803,0,0.098,0.53,120.024,audio_features,0vpy9NZpTbjCH0HNnAhCTt,spotify:track:0vpy9NZpTbjCH0HNnAhCTt,https://api.spotify.com/v1/tracks/0vpy9NZpTbjCH0HNnAhCTt,https://api.spotify.com/v1/audio-analysis/0vpy9NZpTbjCH0HNnAhCTt,181466,4
0.878,0.326,9,-9.616,0,0.0624,0.257,0.0192,0.102,0.592,118.041,audio_features,06cqIVC8kRAT02qfHQT65v,spotify:track:06cqIVC8kRAT02qfHQT65v,https://api.spotify.com/v1/tracks/06cqIVC8kRAT02qfHQT65v,https://api.spotify.com/v1/audio-analysis/06cqIVC8kRAT02qfHQT65v,209404,4
0.625,0.684,6,-6.146,1,0.0496,0.132,0.000334,0.137,0.133,104.023,audio_features,1dvqHhLNccePPBHq11TW7v,spotify:track:1dvqHhLNccePPBHq11TW7v,https://api.spotify.com/v1/tracks/1dvqHhLNccePPBHq11TW7v,https://api.spotify.com/v1/audio-analysis/1dvqHhLNccePPBHq11TW7v,178275,4
0.264,0.64,8,-6.221,1,0.0442,0.0393,2.31e-06,0.151,0.19,84.828,audio_features,54XqJ3fP3GxmUejMsKwCaK,spotify:track:54XqJ3fP3GxmUejMsKwCaK,https://api.spotify.com/v1/tracks/54XqJ3fP3GxmUejMsKwCaK,https://api.spotify.com/v1/audio-analysis/54XqJ3fP3GxmUejMsKwCaK,244685,4
0.833,0.822,7,-7.862,0,0.0702,0.45,0.635,0.479,0.784,120.788,audio_features,0IRDLaO3ng5eyl4Po8hZXj,spotify:track:0IRDLaO3ng5eyl4Po8hZXj,https://api.spotify.com/v1/tracks/0IRDLaO3ng5eyl4Po8hZXj,https://api.spotify.com/v1/audio-analysis/0IRDLaO3ng5eyl4Po8hZXj,205166,4
0.707,0.682,0,-7.614,1,0.0346,0.568,1.02e-06,0.308,0.887,90.003,audio_features,4VWahNC3hzIZpJsb1aNBB8,spotify:track:4VWahNC3hzIZpJsb1aNBB8,https://api.spotify.com/v1/tracks/4VWahNC3hzIZpJsb1aNBB8,https://api.spotify.com/v1/audio-analysis/4VWahNC3hzIZpJsb1aNBB8,134120,4
0.767,0.512,6,-6.777,1,0.0591,0.893,0.000223,0.103,0.489,123.921,audio_features,1Ob94QesoxHSBrypyBbdfd,spotify:track:1Ob94QesoxHSBrypyBbdfd,https://api.spotify.com/v1/tracks/1Ob94QesoxHSBrypyBbdfd,https://api.spotify.com/v1/audio-analysis/1Ob94QesoxHSBrypyBbdfd,207107,4
0.613,0.573,9,-7.277,0,0.0345,0.00572,2.58e-06,0.432,0.124,119.041,audio_features,4VMRsbfZzd3SfQtaJ1Wpwi,spotify:track:4VMRsbfZzd3SfQtaJ1Wpwi,https://api.spotify.com/v1/tracks/4VMRsbfZzd3SfQtaJ1Wpwi,https://api.spotify.com/v1/audio-analysis/4VMRsbfZzd3SfQtaJ1Wpwi,268235,4
0.657,0.741,11,-6.822,0,0.0825,0.663,0.494,0.222,0.908,175.949,audio_features,6b37xrsNCWYIUphFBazqD6,spotify:track:6b37xrsNCWYIUphFBazqD6,https://api.spotify.com/v1/tracks/6b37xrsNCWYIUphFBazqD6,https://api.spotify.com/v1/audio-analysis/6b37xrsNCWYIUphFBazqD6,239987,4
0.606,0.544,10,-7.968,0,0.0421,0.0285,4.88e-06,0.152,0.335,90.104,audio_features,1wGpEisE7VmhhSazD8hZ5l,spotify:track:1wGpEisE7VmhhSazD8hZ5l,https://api.spotify.com/v1/tracks/1wGpEisE7VmhhSazD8hZ5l,https://api.spotify.com/v1/audio-analysis/1wGpEisE7VmhhSazD8hZ5l,194009,4
0.808,0.451,8,-11.985,0,0.0998,0.197,0.0109,0.0945,0.782,102.046,audio_features,4W0DYOBI8sQJtnT2dd4Awl,spotify:track:4W0DYOBI8sQJtnT2dd4Awl,https://api.spotify.com/v1/tracks/4W0DYOBI8sQJtnT2dd4Awl,https://api.spotify.com/v1/audio-analysis/4W0DYOBI8sQJtnT2dd4Awl,140000,4
0.72,0.808,6,-5.627,1,0.0379,0.00793,0.0293,0.0634,0.869,126.041,audio_features,49X0LAl6faAusYq02PRAY6,spotify:track:49X0LAl6faAusYq02PRAY6,https://api.spotify.com/v1/tracks/49X0LAl6faAusYq02PRAY6,https://api.spotify.com/v1/audio-analysis/49X0LAl6faAusYq02PRAY6,307154,4
0.461,0.503,7,-8.333,1,0.0472,0.47,0,0.212,0.293,79.183,audio_features,7qZuRt0v6zox5gMAMCls5M,spotify:track:7qZuRt0v6zox5gMAMCls5M,https://api.spotify.com/v1/tracks/7qZuRt0v6zox5gMAMCls5M,https://api.spotify.com/v1/audio-analysis/7qZuRt0v6zox5gMAMCls5M,211280,4
0.686,0.733,2,-5.268,1,0.0576,0.00567,0,0.246,0.141,130.095,audio_features,7sTyAjxDXq9afwfSQy6D0s,spotify:track:7sTyAjxDXq9afwfSQy6D0s,https://api.spotify.com/v1/tracks/7sTyAjxDXq9afwfSQy6D0s,https://api.spotify.com/v1/audio-analysis/7sTyAjxDXq9afwfSQy6D0s,147747,4
0.772,0.504,6,-8.219,0,0.0761,0.129,0,0.125,0.244,140.035,audio_features,4mU5iXHeLgbR94siF7p1sY,spotify:track:4mU5iXHeLgbR94siF7p1sY,https://api.spotify.com/v1/tracks/4mU5iXHeLgbR94siF7p1sY,https://api.spotify.com/v1/audio-analysis/4mU5iXHeLgbR94siF7p1sY,237573,4
0.537,0.746,10,-5.507,0,0.15,0.0236,1e-06,0.156,0.252,170.083,audio_features,6bnF93Rx87YqUBLSgjiMU8,spotify:track:6bnF93Rx87YqUBLSgjiMU8,https://api.spotify.com/v1/tracks/6bnF93Rx87YqUBLSgjiMU8,https://api.spotify.com/v1/audio-analysis/6bnF93Rx87YqUBLSgjiMU8,198267,4
0.755,0.514,11,-6.942,0,0.173,0.083,0,0.128,0.553,133.1,audio_features,7sg9kDT8H2P0wPACXnWRdN,spotify:track:7sg9kDT8H2P0wPACXnWRdN,https://api.spotify.com/v1/tracks/7sg9kDT8H2P0wPACXnWRdN,https://api.spotify.com/v1/audio-analysis/7sg9kDT8H2P0wPACXnWRdN,168920,4
0.758,0.436,0,-7.269,1,0.0418,0.618,1.61e-05,0.335,0.605,104.959,audio_features,5JiH89mHrv9oWHlD0T326z,spotify:track:5JiH89mHrv9oWHlD0T326z,https://api.spotify.com/v1/tracks/5JiH89mHrv9oWHlD0T326z,https://api.spotify.com/v1/audio-analysis/5JiH89mHrv9oWHlD0T326z,192080,4
0.575,0.568,9,-5.509,0,0.03,0.0484,0.000417,0.286,0.37,93.986,audio_features,2K7xn816oNHJZ0aVqdQsha,spotify:track:2K7xn816oNHJZ0aVqdQsha,https://api.spotify.com/v1/tracks/2K7xn816oNHJZ0aVqdQsha,https://api.spotify.com/v1/audio-analysis/2K7xn816oNHJZ0aVqdQsha,206280,4
0.659,0.594,4,-8.494,0,0.0261,0.162,0.846,0.632,0.851,100.033,audio_features,2qpacEyFxmbxCpIEqZkqvC,spotify:track:2qpacEyFxmbxCpIEqZkqvC,https://api.spotify.com/v1/tracks/2qpacEyFxmbxCpIEqZkqvC,https://api.spotify.com/v1/audio-analysis/2qpacEyFxmbxCpIEqZkqvC,172507,4
0.737,0.678,6,-7.011,0,0.0962,0.114,0.157,0.123,0.698,102.051,audio_features,4o0LyB69tylqDG6eTGhmig,spotify:track:4o0LyB69tylqDG6eTGhmig,https://api.spotify.com/v1/tracks/4o0LyB69tylqDG6eTGhmig,https://api.spotify.com/v1/audio-analysis/4o0LyB69tylqDG6eTGhmig,231826,4
0.815,0.819,8,-9.494,0,0.0521,0.364,0.0555,0.115,0.864,119.986,audio_features,0hhXziDUO0wNYPsstDQWN6,spotify:track:0hhXziDUO0wNYPsstDQWN6,https://api.spotify.com/v1/tracks/0hhXziDUO0wNYPsstDQWN6,https://api.spotify.com/v1/audio-analysis/0hhXziDUO0wNYPsstDQWN6,219604,4
0.456,0.437,8,-11.156,1,0.0867,0.839,0,0.218,0.209,108.678,audio_features,47isJpIIO8m7BJEhiFhnaf,spotify:track:47isJpIIO8m7BJEhiFhnaf,https://api.spotify.com/v1/tracks/47isJpIIO8m7BJEhiFhnaf,https://api.spotify.com/v1/audio-analysis/47isJpIIO8m7BJEhiFhnaf,171743,4
0.77,0.539,4,-7.705,0,0.297,0.674,1.09e-06,0.158,0.39,84.977,audio_features,5aJOyuvqhcCRpaUCubwXk9,spotify:track:5aJOyuvqhcCRpaUCubwXk9,https://api.spotify.com/v1/tracks/5aJOyuvqhcCRpaUCubwXk9,https://api.spotify.com/v1/audio-analysis/5aJOyuvqhcCRpaUCubwXk9,192000,4
0.569,0.84,1,-4.123,1,0.118,0.0295,0.000118,0.0995,0.749,183.059,audio_features,5JWPUEov2wlX7c0jhYZpeB,spotify:track:5JWPUEov2wlX7c0jhYZpeB,https://api.spotify.com/v1/tracks/5JWPUEov2wlX7c0jhYZpeB,https://api.spotify.com/v1/audio-analysis/5JWPUEov2wlX7c0jhYZpeB,249587,3
0.763,0.628,11,-5.85,1,0.05,0.0531,0,0.114,0.193,140.958,audio_features,2cYqizR4lgvp4Qu6IQ3qGN,spotify:track:2cYqizR4lgvp4Qu6IQ3qGN,https://api.spotify.com/v1/tracks/2cYqizR4lgvp4Qu6IQ3qGN,https://api.spotify.com/v1/audio-analysis/2cYqizR4lgvp4Qu6IQ3qGN,190557,4
0.545,0.545,9,-7.362,1,0.107,0.667,5.48e-05,0.417,0.549,159.94,audio_features,3xKsf9qdS1CyvXSMEid6g8,spotify:track:3xKsf9qdS1CyvXSMEid6g8,https://api.spotify.com/v1/tracks/3xKsf9qdS1CyvXSMEid6g8,https://api.spotify.com/v1/audio-analysis/3xKsf9qdS1CyvXSMEid6g8,184516,3
0.711,0.473,1,-11.971,1,0.116,0.656,0.0666,0.119,0.32,90.001,audio_features,16iNVfWKKZPDjctIcd0KMn,spotify:track:16iNVfWKKZPDjctIcd0KMn,https://api.spotify.com/v1/tracks/16iNVfWKKZPDjctIcd0KMn,https://api.spotify.com/v1/audio-analysis/16iNVfWKKZPDjctIcd0KMn,127000,4
0.795,0.584,8,-5.758,0,0.0396,0.172,2.99e-05,0.103,0.785,127.05,audio_features,0ZpHuEhi1CvOJgrqOSy8mv,spotify:track:0ZpHuEhi1CvOJgrqOSy8mv,https://api.spotify.com/v1/tracks/0ZpHuEhi1CvOJgrqOSy8mv,https://api.spotify.com/v1/audio-analysis/0ZpHuEhi1CvOJgrqOSy8mv,146274,4
0.877,0.462,0,-14.419,0,0.0542,0.21,0.000208,0.145,0.888,119.989,audio_features,7oe04qLMdQxHXhcGIfShXf,spotify:track:7oe04qLMdQxHXhcGIfShXf,https://api.spotify.com/v1/tracks/7oe04qLMdQxHXhcGIfShXf,https://api.spotify.com/v1/audio-analysis/7oe04qLMdQxHXhcGIfShXf,160000,4
0.841,0.728,7,-3.37,1,0.0484,0.0847,0,0.149,0.43,130.049,audio_features,6gBFPUFcJLzWGx4lenP6h2,spotify:track:6gBFPUFcJLzWGx4lenP6h2,https://api.spotify.com/v1/tracks/6gBFPUFcJLzWGx4lenP6h2,https://api.spotify.com/v1/audio-analysis/6gBFPUFcJLzWGx4lenP6h2,243837,4
0.796,0.463,4,-7.344,0,0.0459,0.456,0,0.354,0.693,84.974,audio_features,0VpSpAYEc2DlNSmnxGyg6F,spotify:track:0VpSpAYEc2DlNSmnxGyg6F,https://api.spotify.com/v1/tracks/0VpSpAYEc2DlNSmnxGyg6F,https://api.spotify.com/v1/audio-analysis/0VpSpAYEc2DlNSmnxGyg6F,137647,4
0.505,0.68,7,-4.993,1,0.0714,0.0796,0,0.0465,0.539,168.022,audio_features,25KybV9BOUlvcnv7nN3Pyo,spotify:track:25KybV9BOUlvcnv7nN3Pyo,https://api.spotify.com/v1/tracks/25KybV9BOUlvcnv7nN3Pyo,https://api.spotify.com/v1/audio-analysis/25KybV9BOUlvcnv7nN3Pyo,235653,3
0.892,0.633,8,-7.471,1,0.0902,0.0467,0.000189,0.139,0.459,137.994,audio_features,50a8bKqlwDEqeiEknrzkTO,spotify:track:50a8bKqlwDEqeiEknrzkTO,https://api.spotify.com/v1/tracks/50a8bKqlwDEqeiEknrzkTO,https://api.spotify.com/v1/audio-analysis/50a8bKqlwDEqeiEknrzkTO,195047,4
0.658,0.725,8,-5.542,0,0.0328,0.203,2.92e-06,0.23,0.747,118.051,audio_features,3bUiOl7gv7cKtXIrwL21n2,spotify:track:3bUiOl7gv7cKtXIrwL21n2,https://api.spotify.com/v1/tracks/3bUiOl7gv7cKtXIrwL21n2,https://api.spotify.com/v1/audio-analysis/3bUiOl7gv7cKtXIrwL21n2,249153,4
0.706,0.824,0,-7.959,1,0.0694,0.355,0.000133,0.111,0.86,94.98,audio_features,1SgUjGzbmmMOsGFTVwQ59L,spotify:track:1SgUjGzbmmMOsGFTVwQ59L,https://api.spotify.com/v1/tracks/1SgUjGzbmmMOsGFTVwQ59L,https://api.spotify.com/v1/audio-analysis/1SgUjGzbmmMOsGFTVwQ59L,132000,4
0.642,0.706,7,-6.832,0,0.0507,0.518,0,0.243,0.86,136.854,audio_features,0JmnkIqdlnUzPaf8sqBRs3,spotify:track:0JmnkIqdlnUzPaf8sqBRs3,https://api.spotify.com/v1/tracks/0JmnkIqdlnUzPaf8sqBRs3,https://api.spotify.com/v1/audio-analysis/0JmnkIqdlnUzPaf8sqBRs3,187723,4
0.854,0.674,1,-6.23,1,0.184,0.0517,8.53e-05,0.509,0.848,99.022,audio_features,6WzRpISELf3YglGAh7TXcG,spotify:track:6WzRpISELf3YglGAh7TXcG,https://api.spotify.com/v1/tracks/6WzRpISELf3YglGAh7TXcG,https://api.spotify.com/v1/audio-analysis/6WzRpISELf3YglGAh7TXcG,215467,4
0.927,0.525,8,-8.256,0,0.0667,0.274,0.238,0.0672,0.778,118.023,audio_features,1vMGIZbIkpaLSagdF2ygcV,spotify:track:1vMGIZbIkpaLSagdF2ygcV,https://api.spotify.com/v1/tracks/1vMGIZbIkpaLSagdF2ygcV,https://api.spotify.com/v1/audio-analysis/1vMGIZbIkpaLSagdF2ygcV,198305,4
0.645,0.534,6,-10.8,0,0.0479,0.157,0,0.0863,0.463,105.02,audio_features,3azJifCSqg9fRij2yKIbWz,spotify:track:3azJifCSqg9fRij2yKIbWz,https://api.spotify.com/v1/tracks/3azJifCSqg9fRij2yKIbWz,https://api.spotify.com/v1/audio-analysis/3azJifCSqg9fRij2yKIbWz,226467,4
0.574,0.512,5,-6.664,0,0.0503,0.234,0,0.0946,0.512,76.899,audio_features,4rHZZAmHpZrA3iH5zx8frV,spotify:track:4rHZZAmHpZrA3iH5zx8frV,https://api.spotify.com/v1/tracks/4rHZZAmHpZrA3iH5zx8frV,https://api.spotify.com/v1/audio-analysis/4rHZZAmHpZrA3iH5zx8frV,484147,4
0.615,0.373,2,-10.173,1,0.0278,0.597,0.00312,0.224,0.337,74.986,audio_features,30jui3PqevssdIVpjEWM38,spotify:track:30jui3PqevssdIVpjEWM38,https://api.spotify.com/v1/tracks/30jui3PqevssdIVpjEWM38,https://api.spotify.com/v1/audio-analysis/30jui3PqevssdIVpjEWM38,129200,4
0.658,0.671,2,-12.21,1,0.0364,0.0928,0.000919,0.115,0.165,100.967,audio_features,2vXKRlJBXyOcvZYTdNeckS,spotify:track:2vXKRlJBXyOcvZYTdNeckS,https://api.spotify.com/v1/tracks/2vXKRlJBXyOcvZYTdNeckS,https://api.spotify.com/v1/audio-analysis/2vXKRlJBXyOcvZYTdNeckS,202093,4
0.657,0.879,0,-4.91,0,0.0741,0.0688,0.776,0.0799,0.901,106.016,audio_features,5ieLgTo5CXbIgoO0X2KJHf,spotify:track:5ieLgTo5CXbIgoO0X2KJHf,https://api.spotify.com/v1/tracks/5ieLgTo5CXbIgoO0X2KJHf,https://api.spotify.com/v1/audio-analysis/5ieLgTo5CXbIgoO0X2KJHf,220726,4
0.596,0.552,0,-10.278,0,0.097,0.0765,0.334,0.104,0.112,97.949,audio_features,6zeeWid2sgw4lap2jV61PZ,spotify:track:6zeeWid2sgw4lap2jV61PZ,https://api.spotify.com/v1/tracks/6zeeWid2sgw4lap2jV61PZ,https://api.spotify.com/v1/audio-analysis/6zeeWid2sgw4lap2jV61PZ,229320,4
0.495,0.654,3,-6.639,0,0.0679,0.713,0,0.165,0.35,123.896,audio_features,1UWacd8x8tPPwmrPB1MoBI,spotify:track:1UWacd8x8tPPwmrPB1MoBI,https://api.spotify.com/v1/tracks/1UWacd8x8tPPwmrPB1MoBI,https://api.spotify.com/v1/audio-analysis/1UWacd8x8tPPwmrPB1MoBI,269032,4
0.762,0.672,11,-5.358,1,0.0346,0.111,0.807,0.0461,0.841,76.496,audio_features,41HyMiZSBLGlfopnDE7Ppc,spotify:track:41HyMiZSBLGlfopnDE7Ppc,https://api.spotify.com/v1/tracks/41HyMiZSBLGlfopnDE7Ppc,https://api.spotify.com/v1/audio-analysis/41HyMiZSBLGlfopnDE7Ppc,182602,4
0.703,0.893,0,-4.479,1,0.0462,0.271,0.000208,0.322,0.741,89.984,audio_features,1HLaJowFbNM3MPyqnk5vjW,spotify:track:1HLaJowFbNM3MPyqnk5vjW,https://api.spotify.com/v1/tracks/1HLaJowFbNM3MPyqnk5vjW,https://api.spotify.com/v1/audio-analysis/1HLaJowFbNM3MPyqnk5vjW,195373,4
0.716,0.373,7,-11.408,1,0.245,0.882,0.000484,0.105,0.654,78.014,audio_features,3NS7b23nGXX6O6RQHyzSkM,spotify:track:3NS7b23nGXX6O6RQHyzSkM,https://api.spotify.com/v1/tracks/3NS7b23nGXX6O6RQHyzSkM,https://api.spotify.com/v1/audio-analysis/3NS7b23nGXX6O6RQHyzSkM,135642,4
0.526,0.447,2,-9.268,1,0.0274,0.00283,0.0301,0.109,0.183,74.995,audio_features,0JIMT9gzLIIz0esKLyjbKf,spotify:track:0JIMT9gzLIIz0esKLyjbKf,https://api.spotify.com/v1/tracks/0JIMT9gzLIIz0esKLyjbKf,https://api.spotify.com/v1/audio-analysis/0JIMT9gzLIIz0esKLyjbKf,212432,4
0.75,0.674,8,-6.128,0,0.097,0.228,8.91e-05,0.122,0.392,123.026,audio_features,7dJYggqjKo71KI9sLzqCs8,spotify:track:7dJYggqjKo71KI9sLzqCs8,https://api.spotify.com/v1/tracks/7dJYggqjKo71KI9sLzqCs8,https://api.spotify.com/v1/audio-analysis/7dJYggqjKo71KI9sLzqCs8,265360,4
0.745,0.672,9,-5.738,1,0.0346,0.127,0,0.103,0.641,108.031,audio_features,1HA2V2EfAgJUBVOju4YfiB,spotify:track:1HA2V2EfAgJUBVOju4YfiB,https://api.spotify.com/v1/tracks/1HA2V2EfAgJUBVOju4YfiB,https://api.spotify.com/v1/audio-analysis/1HA2V2EfAgJUBVOju4YfiB,177697,4
0.762,0.604,7,-5.296,0,0.11,0.114,0,0.0271,0.847,168.007,audio_features,7yNf9YjeO5JXUE3JEBgnYc,spotify:track:7yNf9YjeO5JXUE3JEBgnYc,https://api.spotify.com/v1/tracks/7yNf9YjeO5JXUE3JEBgnYc,https://api.spotify.com/v1/audio-analysis/7yNf9YjeO5JXUE3JEBgnYc,97960,4
0.705,0.505,8,-6.923,1,0.193,0.142,0,0.164,0.388,160.053,audio_features,37F0uwRSrdzkBiuj0D5UHI,spotify:track:37F0uwRSrdzkBiuj0D5UHI,https://api.spotify.com/v1/tracks/37F0uwRSrdzkBiuj0D5UHI,https://api.spotify.com/v1/audio-analysis/37F0uwRSrdzkBiuj0D5UHI,218880,4
0.558,0.455,6,-7.6,1,0.0327,0.292,2.58e-06,0.104,0.301,135.002,audio_features,1YkI4EAlpLsHUmWWGdh6b6,spotify:track:1YkI4EAlpLsHUmWWGdh6b6,https://api.spotify.com/v1/tracks/1YkI4EAlpLsHUmWWGdh6b6,https://api.spotify.com/v1/audio-analysis/1YkI4EAlpLsHUmWWGdh6b6,270384,4
0.573,0.63,1,-8.389,1,0.105,0.189,2.31e-05,0.259,0.218,77.525,audio_features,4F7A0DXBrmUAkp32uenhZt,spotify:track:4F7A0DXBrmUAkp32uenhZt,https://api.spotify.com/v1/tracks/4F7A0DXBrmUAkp32uenhZt,https://api.spotify.com/v1/audio-analysis/4F7A0DXBrmUAkp32uenhZt,249213,4
0.775,0.736,1,-8.072,0,0.247,0.319,0.00116,0.127,0.362,100.988,audio_features,2g6tReTlM2Akp41g0HaeXN,spotify:track:2g6tReTlM2Akp41g0HaeXN,https://api.spotify.com/v1/tracks/2g6tReTlM2Akp41g0HaeXN,https://api.spotify.com/v1/audio-analysis/2g6tReTlM2Akp41g0HaeXN,239027,4
0.947,0.616,9,-3.602,1,0.0415,0.0168,0.259,0.0658,0.968,127.082,audio_features,6M0EP76qW9TG4SNU0agu94,spotify:track:6M0EP76qW9TG4SNU0agu94,https://api.spotify.com/v1/tracks/6M0EP76qW9TG4SNU0agu94,https://api.spotify.com/v1/audio-analysis/6M0EP76qW9TG4SNU0agu94,90709,4
0.74,0.563,11,-7.016,0,0.04,0.34,0,0.0824,0.577,104.958,audio_features,5o5WaO9pzPhXSGIrTIYVce,spotify:track:5o5WaO9pzPhXSGIrTIYVce,https://api.spotify.com/v1/tracks/5o5WaO9pzPhXSGIrTIYVce,https://api.spotify.com/v1/audio-analysis/5o5WaO9pzPhXSGIrTIYVce,173286,4
0.726,0.804,6,-4.775,0,0.078,0.0348,5.59e-06,0.361,0.644,90.983,audio_features,72vuBPMhwFNlSYpTSf6fVD,spotify:track:72vuBPMhwFNlSYpTSf6fVD,https://api.spotify.com/v1/tracks/72vuBPMhwFNlSYpTSf6fVD,https://api.spotify.com/v1/audio-analysis/72vuBPMhwFNlSYpTSf6fVD,153016,4
0.742,0.879,0,-4.274,0,0.0328,0.0696,7.17e-06,0.0981,0.936,133.946,audio_features,0EH7sgeiFqDa3eS7ieW2zs,spotify:track:0EH7sgeiFqDa3eS7ieW2zs,https://api.spotify.com/v1/tracks/0EH7sgeiFqDa3eS7ieW2zs,https://api.spotify.com/v1/audio-analysis/0EH7sgeiFqDa3eS7ieW2zs,227091,4
0.872,0.591,6,-6.952,0,0.359,0.111,0,0.144,0.696,131.982,audio_features,0hPLZrnDgtKxrym1BHjDhd,spotify:track:0hPLZrnDgtKxrym1BHjDhd,https://api.spotify.com/v1/tracks/0hPLZrnDgtKxrym1BHjDhd,https://api.spotify.com/v1/audio-analysis/0hPLZrnDgtKxrym1BHjDhd,205352,4
0.485,0.409,9,-10.711,0,0.101,0.325,0,0.103,0.376,138.419,audio_features,3hxIUxnT27p5WcmjGUXNwx,spotify:track:3hxIUxnT27p5WcmjGUXNwx,https://api.spotify.com/v1/tracks/3hxIUxnT27p5WcmjGUXNwx,https://api.spotify.com/v1/audio-analysis/3hxIUxnT27p5WcmjGUXNwx,164571,4
0.773,0.805,4,-7.669,0,0.0783,0.266,0.00774,0.11,0.85,109.983,audio_features,5Lv5L45PQmp5CTjs5PlQ6e,spotify:track:5Lv5L45PQmp5CTjs5PlQ6e,https://api.spotify.com/v1/tracks/5Lv5L45PQmp5CTjs5PlQ6e,https://api.spotify.com/v1/audio-analysis/5Lv5L45PQmp5CTjs5PlQ6e,162280,4
0.696,0.809,8,-6.622,0,0.0473,0.61,0.00924,0.177,0.738,80.039,audio_features,3zyzC28g7uU4YfWN840ciZ,spotify:track:3zyzC28g7uU4YfWN840ciZ,https://api.spotify.com/v1/tracks/3zyzC28g7uU4YfWN840ciZ,https://api.spotify.com/v1/audio-analysis/3zyzC28g7uU4YfWN840ciZ,147427,4
0.853,0.56,1,-4.961,1,0.0406,0.013,0,0.0944,0.86,134.066,audio_features,0KKkJNfGyhkQ5aFogxQAPU,spotify:track:0KKkJNfGyhkQ5aFogxQAPU,https://api.spotify.com/v1/tracks/0KKkJNfGyhkQ5aFogxQAPU,https://api.spotify.com/v1/audio-analysis/0KKkJNfGyhkQ5aFogxQAPU,206693,4
0.721,0.707,6,-6.364,1,0.0595,0.181,3.68e-06,0.143,0.743,125.005,audio_features,2aPTvyE09vUCRwVvj0I8WK,spotify:track:2aPTvyE09vUCRwVvj0I8WK,https://api.spotify.com/v1/tracks/2aPTvyE09vUCRwVvj0I8WK,https://api.spotify.com/v1/audio-analysis/2aPTvyE09vUCRwVvj0I8WK,158206,4
0.586,0.525,1,-7.163,0,0.0616,0.111,0,0.134,0.507,133.63,audio_features,2Ch7LmS7r2Gy2kc64wv3Bz,spotify:track:2Ch7LmS7r2Gy2kc64wv3Bz,https://api.spotify.com/v1/tracks/2Ch7LmS7r2Gy2kc64wv3Bz,https://api.spotify.com/v1/audio-analysis/2Ch7LmS7r2Gy2kc64wv3Bz,260253,4
0.585,0.564,0,-7.063,0,0.0515,0.0671,0,0.135,0.137,113.003,audio_features,7fBv7CLKzipRk6EC6TWHOB,spotify:track:7fBv7CLKzipRk6EC6TWHOB,https://api.spotify.com/v1/tracks/7fBv7CLKzipRk6EC6TWHOB,https://api.spotify.com/v1/audio-analysis/7fBv7CLKzipRk6EC6TWHOB,242253,4
0.722,0.331,10,-12.686,0,0.0545,0.369,0.633,0.107,0.471,170.079,audio_features,0vvDD9Ryb5cfKV7479TURG,spotify:track:0vvDD9Ryb5cfKV7479TURG,https://api.spotify.com/v1/tracks/0vvDD9Ryb5cfKV7479TURG,https://api.spotify.com/v1/audio-analysis/0vvDD9Ryb5cfKV7479TURG,181911,4
0.586,0.893,7,-8.772,1,0.439,0.827,0.642,0.212,0.65,140.023,audio_features,1c5CllrZr45UBhWpIqM332,spotify:track:1c5CllrZr45UBhWpIqM332,https://api.spotify.com/v1/tracks/1c5CllrZr45UBhWpIqM332,https://api.spotify.com/v1/audio-analysis/1c5CllrZr45UBhWpIqM332,116630,3
0.702,0.659,4,-6.766,0,0.13,0.301,0.00201,0.218,0.843,79.64,audio_features,1otG6j1WHNvl9WgXLWkHTo,spotify:track:1otG6j1WHNvl9WgXLWkHTo,https://api.spotify.com/v1/tracks/1otG6j1WHNvl9WgXLWkHTo,https://api.spotify.com/v1/audio-analysis/1otG6j1WHNvl9WgXLWkHTo,207455,4
0.828,0.621,8,-6.414,1,0.0565,0.0164,0.00233,0.0845,0.436,128.986,audio_features,0k4d5YPDr1r7FX77VdqWez,spotify:track:0k4d5YPDr1r7FX77VdqWez,https://api.spotify.com/v1/tracks/0k4d5YPDr1r7FX77VdqWez,https://api.spotify.com/v1/audio-analysis/0k4d5YPDr1r7FX77VdqWez,186173,4
0.737,0.961,10,-0.155,0,0.0747,0.163,0,0.361,0.567,108.014,audio_features,4cFwhwH5ydnHgB0Tv3lZsm,spotify:track:4cFwhwH5ydnHgB0Tv3lZsm,https://api.spotify.com/v1/tracks/4cFwhwH5ydnHgB0Tv3lZsm,https://api.spotify.com/v1/audio-analysis/4cFwhwH5ydnHgB0Tv3lZsm,191089,4
0.943,0.558,2,-4.911,1,0.0568,0.0026,2.19e-06,0.0937,0.606,104.983,audio_features,4xhsWYTOGcal8zt0J161CU,spotify:track:4xhsWYTOGcal8zt0J161CU,https://api.spotify.com/v1/tracks/4xhsWYTOGcal8zt0J161CU,https://api.spotify.com/v1/audio-analysis/4xhsWYTOGcal8zt0J161CU,138411,4
0.873,0.575,10,-7.284,0,0.0702,0.0891,0,0.108,0.872,103.005,audio_features,4RKJRRd4VJfZWiqQTYsleE,spotify:track:4RKJRRd4VJfZWiqQTYsleE,https://api.spotify.com/v1/tracks/4RKJRRd4VJfZWiqQTYsleE,https://api.spotify.com/v1/audio-analysis/4RKJRRd4VJfZWiqQTYsleE,197031,4
0.828,0.48,7,-9.569,1,0.158,0.587,0.169,0.127,0.253,116.038,audio_features,3TzuOUqhDIS7gkKS4oy37V,spotify:track:3TzuOUqhDIS7gkKS4oy37V,https://api.spotify.com/v1/tracks/3TzuOUqhDIS7gkKS4oy37V,https://api.spotify.com/v1/audio-analysis/3TzuOUqhDIS7gkKS4oy37V,119747,4
0.653,0.524,11,-9.016,0,0.0502,0.112,0,0.203,0.553,83.97,audio_features,6tDDoYIxWvMLTdKpjFkc1B,spotify:track:6tDDoYIxWvMLTdKpjFkc1B,https://api.spotify.com/v1/tracks/6tDDoYIxWvMLTdKpjFkc1B,https://api.spotify.com/v1/audio-analysis/6tDDoYIxWvMLTdKpjFkc1B,160191,4
0.73,0.735,1,-5.451,1,0.0923,0.0176,0.000189,0.089,0.541,121.985,audio_features,1DunhgeZSEgWiIYbHqXl0c,spotify:track:1DunhgeZSEgWiIYbHqXl0c,https://api.spotify.com/v1/tracks/1DunhgeZSEgWiIYbHqXl0c,https://api.spotify.com/v1/audio-analysis/1DunhgeZSEgWiIYbHqXl0c,255867,4
0.83,0.564,1,-7.822,1,0.235,0.177,0,0.128,0.107,85.042,audio_features,5FkoSXiJPKTNyYgALRJFhD,spotify:track:5FkoSXiJPKTNyYgALRJFhD,https://api.spotify.com/v1/tracks/5FkoSXiJPKTNyYgALRJFhD,https://api.spotify.com/v1/audio-analysis/5FkoSXiJPKTNyYgALRJFhD,129882,4
0.818,0.512,5,-9.056,0,0.0884,0.0963,0.0371,0.11,0.153,131.974,audio_features,6x9pCndnXEoea0CMcfjs9W,spotify:track:6x9pCndnXEoea0CMcfjs9W,https://api.spotify.com/v1/tracks/6x9pCndnXEoea0CMcfjs9W,https://api.spotify.com/v1/audio-analysis/6x9pCndnXEoea0CMcfjs9W,143719,4
0.716,0.531,7,-7.355,1,0.122,0.0703,0,0.224,0.344,71.994,audio_features,2HbKqm4o0w5wEeEFXm2sD4,spotify:track:2HbKqm4o0w5wEeEFXm2sD4,https://api.spotify.com/v1/tracks/2HbKqm4o0w5wEeEFXm2sD4,https://api.spotify.com/v1/audio-analysis/2HbKqm4o0w5wEeEFXm2sD4,386907,4
0.732,0.502,2,-11.229,1,0.172,0.634,0.00123,0.104,0.565,92.064,audio_features,70MgcT507FGdoDBBLdmsqu,spotify:track:70MgcT507FGdoDBBLdmsqu,https://api.spotify.com/v1/tracks/70MgcT507FGdoDBBLdmsqu,https://api.spotify.com/v1/audio-analysis/70MgcT507FGdoDBBLdmsqu,159130,4
0.542,0.795,4,-3.63,0,0.0367,0.00506,0.019,0.0851,0.43,92.234,audio_features,6xWIuPEnPIODp4dCRsAd5I,spotify:track:6xWIuPEnPIODp4dCRsAd5I,https://api.spotify.com/v1/tracks/6xWIuPEnPIODp4dCRsAd5I,https://api.spotify.com/v1/audio-analysis/6xWIuPEnPIODp4dCRsAd5I,227160,4
0.553,0.659,8,-7.295,1,0.0391,0.0027,0,0.105,0.105,120.146,audio_features,0VO8gYVDSwM1Qdd2GsMoYK,spotify:track:0VO8gYVDSwM1Qdd2GsMoYK,https://api.spotify.com/v1/tracks/0VO8gYVDSwM1Qdd2GsMoYK,https://api.spotify.com/v1/audio-analysis/0VO8gYVDSwM1Qdd2GsMoYK,234000,4
0.448,0.838,4,-5.257,0,0.0557,0.21,0.000131,0.131,0.254,139.863,audio_features,45S5WTQEGOB1VHr1Q4FuPl,spotify:track:45S5WTQEGOB1VHr1Q4FuPl,https://api.spotify.com/v1/tracks/45S5WTQEGOB1VHr1Q4FuPl,https://api.spotify.com/v1/audio-analysis/45S5WTQEGOB1VHr1Q4FuPl,208907,4
